Nome do Hotel;Preço;Nota;Quarto;Número de avaliações
Noronha Good Vibes Hostel;R$ 8.250;8,8;Quarto Duplo;522 avaliações
Pousada Maresia;R$ 6.950;9,0;Quarto Triplo Standard;548 avaliações
Pousada Gaucha;R$ 11.400;8,6;Bangalô Deluxe;56 avaliações
Casa de Mirtes;R$ 5.500;9,7;Quarto Duplo;157 avaliações
Pousada Naiepe;R$ 14.000;9,7;Quarto Triplo;143 avaliações
Nova Pousada Golfinho;R$ 5.000;8,5;Quarto Duplo;267 avaliações
Pousada Simpatia da Ilha;R$ 10.800;8,1;Bangalô com Vista para o Jardim;173 avaliações
Alto Mar Guest House;R$ 8.400;8,7;Quarto Triplo Deluxe;109 avaliações
Pousada Costa Noronha Mar;R$ 10.800;8,4;Quarto Duplo;8 avaliações
Pousada Fortaleza;R$ 10.709;8,3;Quarto Duplo Standard;56 avaliações
Flats Baia dos Porcos;R$ 10.000;9,4;Apartamento com Vista das Montanhas;267 avaliações
Pousada Júlio Grande;R$ 12.160;9,4;Suíte Deluxe com Banheira de Hidromassagem;204 avaliações
Pousada Malibu;R$ 12.690;9,0;Quarto Quádruplo;159 avaliações
Maré suites;R$ 7.250;9,0;Quarto Triplo;311 avaliações
Pousada da Germana;R$ 14.440;9,2;Quarto Duplo com Varanda;361 avaliações
Residência da Cláudia;R$ 4.000;8,6;Quarto Duplo Pequeno;63 avaliações
Pousada Sette Mares;R$ 13.876;7,9;Suíte Família;30 avaliações
Pousada Verdes Mares;R$ 10.925;9,2;Quarto Deluxe;189 avaliações
Pousada Luar da Ilha;R$ 11.732;9,6;Suíte Deluxe;303 avaliações
Casa Villa Noronha Suites;R$ 5.530;7,8;Suíte Deluxe;272 avaliações
Pousada Lua Bela;R$ 26.390;9,1;Bangalô Deluxe;496 avaliações
Pousada da Mana;R$ 10.925;9,6;Quarto com Cama de Casal ou 2 de Solteiro;81 avaliações
Pousada Sueste;R$ 8.250;8,7;Quarto Triplo;186 avaliações
Pousada Maramar;R$ 5.525;8,9;Quarto Triplo;248 avaliações
Pousada Portal da Atalaia;R$ 6.400;10;Quarto Duplo;1 avaliação
