Nome do Hotel;Preço;Nota;Número de avaliações
Casa em Armação dos Búzios;R$2.762;4,75;4
Loft em Armação dos Búzios;R$4.142;5,0;23
Apartamento em Armação dos Búzios;R$6.735;4,88;86
Apartamento em Armação dos Búzios;R$1.997;Novo;0
Quarto em Village de Búzios;R$3.384;4,8;228
Microcasa em Armação dos Búzios;R$4.671;Novo;0
Microcasa em Armação dos Búzios;R$2.020;Novo;0
Quarto em Armação dos Búzios;R$4.045;4,33;6
Casa em Armação dos Búzios;R$2.134;5,0;7
Casa em Village de Búzios;R$4.660;4,92;147
Pousada em Armação dos Búzios;R$4.584;4,95;20
Casa em Armação dos Búzios;R$3.195;Novo;0
Apartamento em Armação dos Búzios;R$5.044;4,72;61
Casa em Armação dos Búzios;R$7.703;5,0;53
Apartamento em Armação dos Búzios;R$2.454;Novo;0
Lugar para ficar em Armação dos Búzios;R$4.918;5,0;6
Casa em Armação dos Búzios;R$5.195;4,82;17
Quarto de hotel em Armação dos Búzios;R$3.825;4,75;61
Apartamento em Manguinhos;R$10.540;4,91;111
Apartamento em Armação dos Búzios;R$10.191;4,93;15
Lugar para ficar em Armação dos Búzios;R$2.361;4,65;43
Loft em Armação dos Búzios;R$5.323;4,9;126
